{"cameraMode":{"drawMode":0,"name":"Shaded","section":"Shading Mode"},"sceneLighting":true,"audioPlay":false,"sceneViewState":{"showFog":true,"showMaterialUpdate":false,"showSkybox":true,"showFlares":true,"showImageEffects":true,"showParticleSystems":true},"in2DMode":false,"pivot":{"x":0.49476417899131777,"y":6.412203788757324,"z":-10.839347839355469},"rotation":{"x":-0.41185081005096438,"y":0.10974810272455216,"z":-0.050042517483234408,"w":-0.903235137462616},"size":0.7048007845878601,"orthographic":false}